{"chunk_definitions":[{"row":31,"row_count":1,"visible":true,"expansion_state":0,"options":{"engine":"r","label":"setup","include":false},"document_id":"1D772688","chunk_id":"csetup_chunk","chunk_label":"setup"},{"row":38,"row_count":1,"visible":true,"expansion_state":0,"options":{"engine":"r","label":"unnamed-chunk-5"},"document_id":"1D772688","chunk_id":"cp9sehv67bi4w","chunk_label":"unnamed-chunk-1"},{"row":214,"row_count":1,"visible":true,"expansion_state":0,"options":{"engine":"r","echo":true,"label":"unnamed-chunk-6"},"document_id":"1D772688","chunk_id":"ckd7xsfb9eh4o","chunk_label":"unnamed-chunk-12"},{"row":298,"row_count":1,"visible":true,"expansion_state":0,"options":{"engine":"r","echo":true,"label":"unnamed-chunk-10"},"document_id":"1D772688","chunk_id":"cq9gktd30dixz","chunk_label":"unnamed-chunk-19"}],"doc_write_time":1612402224,"working_dir":null,"default_chunk_options":{"echo":false,"fig.align":"center","message":false,"warning":false,"cache":true}}