"","ID_transaction","Item"
"1",44,"cherry"
"2",52,"durian"
"3",75,"nut"
"4",17,"persimmon"
"5",24,"tamarillo"
"6",26,"kumquat"
"7",59,"honeydew"
"8",33,"ugli fruit"
"9",14,"strawberry"
"10",50,"star fruit"
"11",100,"ugli fruit"
"12",15,"strawberry"
"13",16,"date"
"14",86,"blueberry"
"15",48,"kiwi fruit"
"16",21,"star fruit"
"17",64,"jambul"
"18",69,"lime"
"19",14,"satsuma"
"20",3,"honeydew"
"21",16,"jujube"
"22",20,"mulberry"
"23",98,"cherry"
"24",93,"tamarillo"
"25",3,"ugli fruit"
"26",19,"ugli fruit"
"27",96,"pear"
"28",10,"nut"
"29",3,"goji berry"
"30",93,"pineapple"
"31",34,"jambul"
"32",94,"canary melon"
"33",9,"feijoa"
"34",55,"cucumber"
"35",96,"cranberry"
"36",96,"mango"
"37",50,"date"
"38",2,"apricot"
"39",64,"blackcurrant"
"40",42,"kumquat"
"41",62,"pineapple"
"42",48,"breadfruit"
"43",28,"apricot"
"44",38,"raisin"
"45",23,"papaya"
"46",8,"blood orange"
"47",7,"pamelo"
"48",24,"pear"
"49",66,"gooseberry"
"50",78,"gooseberry"
"51",96,"lychee"
"52",16,"lime"
"53",99,"chili pepper"
"54",77,"pineapple"
"55",34,"pomegranate"
"56",69,"rambutan"
"57",17,"blood orange"
"58",54,"cantaloupe"
"59",73,"rambutan"
"60",61,"apple"
"61",89,"mango"
"62",100,"kiwi fruit"
"63",40,"satsuma"
"64",43,"cherimoya"
"65",94,"elderberry"
"66",44,"guava"
"67",44,"lime"
"68",88,"cantaloupe"
"69",84,"passionfruit"
"70",57,"loquat"
"71",52,"bilberry"
"72",23,"kumquat"
"73",21,"apricot"
"74",9,"kumquat"
"75",50,"cherry"
"76",20,"chili pepper"
"77",83,"orange"
"78",14,"honeydew"
"79",45,"kumquat"
"80",36,"boysenberry"
"81",89,"canary melon"
"82",45,"jujube"
"83",77,"plum"
"84",42,"apricot"
"85",100,"strawberry"
"86",64,"pomegranate"
"87",100,"durian"
"88",22,"olive"
"89",41,"nut"
"90",67,"mandarine"
"91",53,"nut"
"92",81,"watermelon"
"93",89,"date"
"94",89,"cantaloupe"
"95",86,"jackfruit"
"96",69,"pineapple"
"97",92,"salal berry"
"98",71,"rock melon"
"99",89,"grape"
"100",27,"breadfruit"
"101",94,"coconut"
"102",8,"jackfruit"
"103",94,"kumquat"
"104",82,"huckleberry"
"105",74,"blackcurrant"
"106",6,"goji berry"
"107",58,"peach"
"108",87,"nut"
"109",62,"goji berry"
"110",48,"cantaloupe"
"111",52,"kiwi fruit"
"112",86,"elderberry"
"113",32,"banana"
"114",97,"rambutan"
"115",82,"mango"
"116",24,"pineapple"
"117",72,"breadfruit"
"118",48,"feijoa"
"119",57,"apple"
"120",81,"tangerine"
"121",34,"honeydew"
"122",73,"chili pepper"
"123",89,"honeydew"
"124",5,"redcurrant"
"125",89,"ugli fruit"
"126",2,"quince"
"127",64,"blackberry"
"128",8,"jackfruit"
"129",51,"pear"
"130",10,"redcurrant"
"131",40,"mandarine"
"132",81,"feijoa"
"133",68,"blackcurrant"
"134",75,"pomegranate"
"135",49,"bilberry"
"136",78,"plum"
"137",8,"mulberry"
"138",23,"mango"
"139",34,"nut"
"140",63,"lychee"
"141",11,"banana"
"142",3,"elderberry"
"143",20,"coconut"
"144",56,"blood orange"
"145",74,"breadfruit"
"146",47,"raisin"
"147",3,"boysenberry"
"148",34,"apricot"
"149",57,"kiwi fruit"
"150",24,"currant"
"151",36,"durian"
"152",43,"durian"
"153",86,"mango"
"154",45,"avocado"
"155",86,"cherimoya"
"156",83,"cherry"
"157",9,"lemon"
"158",96,"currant"
"159",47,"blueberry"
"160",97,"bell pepper"
"161",29,"tamarillo"
"162",9,"jambul"
"163",60,"huckleberry"
"164",20,"persimmon"
"165",74,"loquat"
"166",63,"clementine"
"167",81,"loquat"
"168",47,"raisin"
"169",97,"passionfruit"
"170",25,"bilberry"
"171",86,"grape"
"172",11,"pamelo"
"173",57,"passionfruit"
"174",16,"clementine"
"175",33,"cloudberry"
"176",7,"pineapple"
"177",48,"star fruit"
"178",60,"pear"
"179",16,"blackberry"
"180",11,"passionfruit"
"181",61,"jambul"
"182",34,"breadfruit"
"183",9,"raspberry"
"184",87,"plum"
"185",78,"honeydew"
"186",50,"damson"
"187",38,"nectarine"
"188",88,"mulberry"
"189",78,"tangerine"
"190",80,"orange"
"191",16,"pineapple"
"192",41,"nut"
"193",36,"feijoa"
"194",30,"apple"
"195",19,"fig"
"196",51,"pomegranate"
"197",9,"huckleberry"
"198",87,"breadfruit"
"199",20,"cherimoya"
"200",98,"orange"
"201",32,"strawberry"
"202",90,"cranberry"
"203",76,"lemon"
"204",19,"banana"
"205",15,"cherimoya"
"206",20,"huckleberry"
"207",27,"raisin"
"208",68,"date"
"209",12,"mango"
"210",68,"blackcurrant"
"211",59,"star fruit"
"212",20,"papaya"
"213",8,"passionfruit"
"214",12,"tamarillo"
"215",25,"boysenberry"
"216",47,"grapefruit"
"217",47,"peach"
"218",44,"physalis"
"219",70,"mandarine"
"220",99,"jackfruit"
"221",14,"salal berry"
"222",80,"strawberry"
"223",75,"kiwi fruit"
"224",9,"plum"
"225",25,"fig"
"226",39,"satsuma"
"227",42,"nut"
"228",36,"feijoa"
"229",68,"eggplant"
"230",79,"jambul"
"231",2,"watermelon"
"232",60,"watermelon"
"233",70,"purple mangosteen"
"234",95,"guava"
"235",45,"plum"
"236",16,"eggplant"
"237",29,"bilberry"
"238",17,"elderberry"
"239",28,"blueberry"
"240",62,"loquat"
"241",40,"satsuma"
"242",80,"gooseberry"
"243",5,"huckleberry"
"244",21,"pamelo"
"245",62,"papaya"
"246",2,"durian"
"247",95,"nut"
"248",87,"tamarillo"
"249",64,"jambul"
"250",89,"apple"
"251",97,"durian"
"252",45,"pear"
"253",60,"kiwi fruit"
"254",13,"star fruit"
"255",66,"nut"
"256",15,"avocado"
"257",13,"apple"
"258",38,"lime"
"259",84,"jackfruit"
"260",56,"plum"
"261",53,"canary melon"
"262",13,"blueberry"
"263",3,"kiwi fruit"
"264",12,"olive"
"265",51,"tamarillo"
"266",100,"jambul"
"267",35,"cranberry"
"268",54,"olive"
"269",42,"pomelo"
"270",87,"jackfruit"
"271",49,"cranberry"
"272",53,"cherry"
"273",53,"pomegranate"
"274",60,"feijoa"
"275",45,"persimmon"
"276",33,"date"
"277",46,"apple"
"278",84,"jambul"
"279",48,"physalis"
"280",83,"cucumber"
"281",13,"huckleberry"
"282",32,"jackfruit"
"283",55,"purple mangosteen"
"284",60,"cucumber"
"285",46,"watermelon"
"286",21,"cherimoya"
"287",11,"bilberry"
"288",99,"feijoa"
"289",18,"date"
"290",84,"salal berry"
"291",17,"apple"
"292",87,"breadfruit"
"293",69,"pomelo"
"294",8,"papaya"
"295",26,"chili pepper"
"296",99,"lime"
"297",58,"tangerine"
"298",19,"lychee"
"299",71,"bell pepper"
"300",49,"canary melon"
"301",63,"durian"
"302",49,"rambutan"
"303",35,"lime"
"304",25,"lemon"
"305",50,"physalis"
"306",47,"bell pepper"
"307",26,"watermelon"
"308",11,"guava"
"309",23,"pomelo"
"310",92,"kiwi fruit"
"311",85,"chili pepper"
"312",55,"coconut"
"313",77,"pamelo"
"314",37,"elderberry"
"315",25,"papaya"
"316",40,"honeydew"
"317",95,"avocado"
"318",22,"watermelon"
"319",99,"honeydew"
"320",12,"blood orange"
"321",28,"huckleberry"
"322",71,"banana"
"323",43,"salal berry"
"324",39,"mandarine"
"325",45,"date"
"326",97,"breadfruit"
"327",49,"quince"
"328",56,"eggplant"
"329",1,"cherry"
"330",77,"watermelon"
"331",78,"cherry"
"332",53,"chili pepper"
"333",95,"jambul"
"334",68,"pomegranate"
"335",95,"rock melon"
"336",90,"blood orange"
"337",29,"canary melon"
"338",95,"guava"
"339",75,"guava"
"340",36,"breadfruit"
"341",29,"tangerine"
"342",20,"jambul"
"343",11,"blood orange"
"344",33,"feijoa"
"345",80,"goji berry"
"346",16,"cranberry"
"347",52,"currant"
"348",71,"canary melon"
"349",28,"bell pepper"
"350",41,"lychee"
"351",66,"banana"
"352",88,"loquat"
"353",59,"cranberry"
"354",10,"quince"
"355",81,"purple mangosteen"
"356",37,"grapefruit"
"357",80,"kiwi fruit"
"358",70,"pomelo"
"359",54,"jackfruit"
"360",92,"orange"
"361",44,"gooseberry"
"362",36,"pomegranate"
"363",23,"fig"
"364",23,"passionfruit"
"365",28,"lime"
"366",36,"canary melon"
"367",31,"tangerine"
"368",7,"blueberry"
"369",43,"damson"
"370",90,"loquat"
"371",46,"lychee"
"372",71,"passionfruit"
"373",59,"blackberry"
"374",42,"cloudberry"
"375",10,"jambul"
"376",26,"passionfruit"
"377",89,"rock melon"
"378",6,"breadfruit"
"379",28,"currant"
"380",4,"clementine"
"381",85,"elderberry"
"382",29,"nectarine"
"383",77,"redcurrant"
"384",50,"grapefruit"
"385",82,"cantaloupe"
"386",76,"cherry"
"387",7,"cherry"
"388",78,"cherimoya"
"389",85,"pomegranate"
"390",76,"cherimoya"
"391",30,"bilberry"
"392",52,"jackfruit"
"393",81,"guava"
"394",53,"orange"
"395",75,"loquat"
"396",43,"boysenberry"
"397",33,"cucumber"
"398",85,"grapefruit"
"399",34,"rock melon"
"400",51,"ugli fruit"
"401",73,"lychee"
"402",38,"peach"
"403",23,"plum"
"404",46,"quince"
"405",94,"papaya"
"406",26,"blackberry"
"407",83,"watermelon"
"408",46,"kumquat"
"409",22,"strawberry"
"410",66,"grapefruit"
"411",83,"kumquat"
"412",7,"persimmon"
"413",91,"grape"
"414",85,"rambutan"
"415",41,"raisin"
"416",56,"lemon"
"417",1,"grapefruit"
"418",49,"bilberry"
"419",28,"loquat"
"420",58,"lime"
"421",6,"tamarillo"
"422",78,"olive"
"423",65,"plum"
"424",77,"dragonfruit"
"425",17,"currant"
"426",53,"damson"
"427",34,"mulberry"
"428",86,"persimmon"
"429",59,"blackcurrant"
"430",20,"watermelon"
"431",44,"star fruit"
"432",3,"jackfruit"
"433",86,"canary melon"
"434",4,"gooseberry"
"435",60,"gooseberry"
"436",5,"passionfruit"
"437",74,"rock melon"
"438",5,"boysenberry"
"439",31,"plum"
"440",84,"blackberry"
"441",69,"raspberry"
"442",98,"rock melon"
"443",12,"nectarine"
"444",56,"purple mangosteen"
"445",43,"quince"
"446",76,"cranberry"
"447",93,"fig"
"448",98,"cherry"
"449",42,"fig"
"450",2,"bilberry"
"451",11,"damson"
"452",43,"chili pepper"
"453",95,"rambutan"
"454",13,"cucumber"
"455",17,"star fruit"
"456",34,"cherimoya"
"457",88,"bell pepper"
"458",58,"quince"
"459",36,"dragonfruit"
"460",54,"date"
"461",69,"eggplant"
"462",91,"pamelo"
"463",48,"loquat"
"464",43,"nut"
"465",55,"guava"
"466",79,"pomegranate"
"467",64,"jujube"
"468",17,"cloudberry"
"469",100,"pineapple"
"470",22,"papaya"
"471",85,"bell pepper"
"472",50,"blackcurrant"
"473",84,"purple mangosteen"
"474",54,"pineapple"
"475",99,"papaya"
"476",47,"cranberry"
"477",65,"gooseberry"
"478",43,"banana"
"479",6,"peach"
"480",46,"satsuma"
"481",42,"blood orange"
"482",68,"grapefruit"
"483",12,"satsuma"
"484",4,"physalis"
"485",71,"salal berry"
"486",21,"pineapple"
"487",63,"papaya"
"488",7,"passionfruit"
"489",86,"dragonfruit"
"490",88,"papaya"
"491",26,"banana"
"492",39,"chili pepper"
"493",78,"jambul"
"494",73,"loquat"
"495",71,"cloudberry"
"496",63,"rambutan"
"497",6,"blood orange"
"498",79,"elderberry"
"499",80,"cucumber"
"500",40,"jackfruit"
"501",94,"pineapple"
"502",15,"jambul"
"503",63,"strawberry"
"504",28,"cherimoya"
"505",47,"cranberry"
"506",15,"watermelon"
"507",2,"persimmon"
"508",16,"lemon"
"509",59,"satsuma"
"510",60,"pomelo"
"511",38,"canary melon"
"512",22,"loquat"
"513",33,"pomegranate"
"514",68,"honeydew"
"515",84,"blackcurrant"
"516",46,"satsuma"
"517",50,"persimmon"
"518",15,"cloudberry"
"519",16,"grapefruit"
"520",86,"apple"
"521",9,"orange"
"522",89,"grape"
"523",99,"plum"
"524",20,"blackcurrant"
"525",80,"nectarine"
"526",75,"grape"
"527",26,"elderberry"
"528",35,"huckleberry"
"529",45,"lime"
"530",24,"passionfruit"
"531",88,"nut"
"532",3,"apricot"
"533",71,"pomelo"
"534",23,"bell pepper"
"535",32,"apple"
"536",97,"grapefruit"
"537",64,"plum"
"538",38,"orange"
"539",76,"grapefruit"
"540",38,"mandarine"
"541",42,"lemon"
"542",19,"blueberry"
"543",79,"breadfruit"
"544",17,"pamelo"
"545",45,"dragonfruit"
"546",28,"banana"
"547",52,"elderberry"
"548",94,"apricot"
"549",86,"currant"
"550",67,"breadfruit"
"551",71,"watermelon"
"552",90,"avocado"
"553",75,"date"
"554",45,"star fruit"
"555",24,"durian"
"556",48,"lime"
"557",71,"mulberry"
"558",8,"guava"
"559",2,"ugli fruit"
"560",21,"lime"
"561",35,"guava"
"562",40,"gooseberry"
"563",99,"coconut"
"564",44,"loquat"
"565",59,"chili pepper"
"566",97,"currant"
"567",85,"goji berry"
"568",32,"peach"
"569",81,"pineapple"
"570",51,"olive"
"571",94,"coconut"
"572",58,"star fruit"
"573",66,"breadfruit"
"574",4,"cherry"
"575",16,"blackberry"
"576",93,"feijoa"
"577",72,"jambul"
"578",54,"tamarillo"
"579",12,"redcurrant"
"580",72,"star fruit"
"581",15,"grapefruit"
"582",1,"jackfruit"
"583",27,"tangerine"
"584",70,"tangerine"
"585",80,"cranberry"
"586",19,"pamelo"
"587",37,"pomegranate"
"588",90,"jambul"
"589",89,"blueberry"
"590",38,"tangerine"
"591",24,"banana"
"592",58,"raisin"
"593",91,"grapefruit"
"594",79,"lemon"
"595",18,"fig"
"596",10,"jackfruit"
"597",41,"lychee"
"598",62,"watermelon"
"599",68,"olive"
"600",90,"jackfruit"
"601",15,"salal berry"
"602",49,"jujube"
"603",29,"quince"
"604",11,"cantaloupe"
"605",71,"pomegranate"
"606",35,"watermelon"
"607",24,"lemon"
"608",67,"blood orange"
"609",73,"chili pepper"
"610",93,"mulberry"
"611",12,"loquat"
"612",19,"cranberry"
"613",3,"pomelo"
"614",9,"jambul"
"615",56,"damson"
"616",20,"blackberry"
"617",33,"bilberry"
"618",64,"cloudberry"
"619",15,"grapefruit"
"620",9,"grapefruit"
"621",33,"orange"
"622",77,"mandarine"
"623",20,"raspberry"
"624",24,"jackfruit"
"625",29,"cantaloupe"
"626",84,"cherry"
"627",51,"jambul"
"628",24,"jackfruit"
"629",27,"blackberry"
"630",97,"grape"
"631",77,"clementine"
"632",8,"cranberry"
"633",65,"ugli fruit"
"634",70,"jujube"
"635",28,"watermelon"
"636",65,"raspberry"
"637",83,"nectarine"
"638",75,"watermelon"
"639",46,"apple"
"640",92,"salal berry"
"641",91,"nut"
"642",85,"apple"
"643",82,"breadfruit"
"644",93,"grape"
"645",96,"goji berry"
"646",63,"tangerine"
"647",33,"apricot"
"648",26,"pear"
"649",87,"redcurrant"
"650",22,"grape"
"651",17,"redcurrant"
"652",53,"blackcurrant"
"653",64,"quince"
"654",44,"honeydew"
"655",36,"jambul"
"656",19,"strawberry"
"657",64,"tamarillo"
"658",80,"salal berry"
"659",15,"bell pepper"
"660",39,"coconut"
"661",51,"date"
"662",74,"boysenberry"
"663",45,"persimmon"
"664",83,"rambutan"
"665",11,"satsuma"
"666",60,"cantaloupe"
"667",46,"jambul"
"668",99,"jackfruit"
"669",46,"durian"
"670",34,"pomegranate"
"671",92,"grapefruit"
"672",72,"rambutan"
"673",37,"pear"
"674",54,"durian"
"675",72,"blueberry"
"676",35,"raspberry"
"677",33,"pomelo"
"678",24,"quince"
"679",78,"physalis"
"680",78,"quince"
"681",47,"cloudberry"
"682",39,"grape"
"683",30,"bell pepper"
"684",70,"quince"
"685",44,"grape"
"686",51,"damson"
"687",14,"jambul"
"688",79,"currant"
"689",3,"avocado"
"690",79,"boysenberry"
"691",97,"cantaloupe"
"692",94,"star fruit"
"693",5,"loquat"
"694",5,"raspberry"
"695",83,"lemon"
"696",38,"pomelo"
"697",59,"fig"
"698",43,"lime"
"699",95,"watermelon"
"700",21,"jujube"
